City_ID,City,Country,Lat,Lng,Max Temp,Humidity,Cloudiness,Wind Speed,Current Description
0,Turbat,PK,26.0023,63.044,93.33,53,100,14.12,overcast clouds
1,Tazovskiy,RU,67.4667,78.7,59.22,81,43,15.48,light rain
2,Snizhne,UA,48.0261,38.7723,86.2,37,12,11.18,few clouds
3,Tasiilaq,GL,65.6145,-37.6368,57.36,65,60,2.39,broken clouds
4,Oriximina,BR,-1.7656,-55.8661,87.31,48,91,2.66,overcast clouds
5,Lethem,GY,3.3803,-59.7968,78.84,78,96,4.59,overcast clouds
6,Vilcun,CL,-38.65,-72.2333,38.14,69,0,0.96,clear sky
7,Ushuaia,AR,-54.8,-68.3,47.82,42,40,20.71,scattered clouds
8,Maniitsoq,GL,65.4167,-52.9,45.91,78,99,1.61,overcast clouds
9,Chuy,UY,-33.6971,-53.4616,46.65,66,14,12.57,few clouds
10,Hermanus,ZA,-34.4187,19.2345,59.81,78,83,8.43,broken clouds
11,Klaksvik,FO,62.2266,-6.589,58.12,95,100,7.9,overcast clouds
12,Bulawayo,ZW,-20.15,28.5833,70.63,24,9,9.62,clear sky
13,Maceio,BR,-9.6658,-35.7353,83.64,61,40,5.75,scattered clouds
14,Velasco Ibarra,EC,-1.05,-79.6167,71.69,90,100,4.23,overcast clouds
15,Severodvinsk,RU,64.5635,39.8302,64.51,72,100,10.07,light rain
16,Busselton,AU,-33.65,115.3333,52.09,67,100,29.26,overcast clouds
17,Ribeira Grande,PT,38.5167,-28.7,75.6,73,75,12.66,broken clouds
18,Longyearbyen,SJ,78.2186,15.6401,46.24,71,75,9.22,broken clouds
19,Viedma,AR,-40.8135,-62.9967,52.5,36,0,6.06,clear sky
20,Castro,BR,-24.7911,-50.0119,40.78,43,3,8.72,clear sky
21,Boda,CF,4.3189,17.4695,84.36,58,61,4.36,light rain
22,Dingle,PH,10.9995,122.6711,78.37,88,100,6.76,overcast clouds
23,Bredasdorp,ZA,-34.5322,20.0403,59.29,79,100,5.95,overcast clouds
24,Dikson,RU,73.5069,80.5464,42.04,85,100,15.95,overcast clouds
25,Hof,DE,50.3167,11.9167,76.44,48,0,14.97,clear sky
26,Olafsvik,IS,64.8945,-23.7142,53.98,86,87,10.85,overcast clouds
27,Jamestown,US,42.097,-79.2353,68.07,95,90,8.01,moderate rain
28,East London,ZA,-33.0153,27.9116,65.34,63,0,20.71,clear sky
29,Puerto Cabezas,NI,14.0351,-83.3888,84.16,84,75,4.61,broken clouds
30,Cape Town,ZA,-33.9258,18.4232,60.12,90,75,6.91,light intensity drizzle
31,Markala,ML,13.7021,-6.0659,90.18,48,63,1.79,broken clouds
32,Margate,GB,51.3813,1.3862,72.7,45,37,4.0,scattered clouds
33,Nanortalik,GL,60.1432,-45.2371,47.14,81,64,11.25,broken clouds
34,Jalu,LY,29.0331,21.5482,99.88,16,0,7.16,clear sky
35,Shache,CN,38.4167,77.2406,93.45,13,0,3.49,clear sky
36,Marsa Matruh,EG,31.3525,27.2453,86.2,58,0,14.97,clear sky
37,Gobabis,NA,-22.45,18.9667,71.53,13,0,13.73,clear sky
38,Boa Vista,BR,2.8197,-60.6733,76.98,78,90,3.44,overcast clouds
39,Sept-Iles,CA,50.2001,-66.3821,65.05,67,75,1.99,broken clouds
40,Richards Bay,ZA,-28.783,32.0377,71.29,36,0,9.71,clear sky
41,Ambilobe,MG,-13.2,49.05,76.35,64,57,4.45,broken clouds
42,Cururupu,BR,-1.8283,-44.8683,88.09,55,4,5.26,clear sky
43,Hamilton,US,39.1834,-84.5333,80.42,87,1,1.99,mist
44,Binika,IN,21.0333,83.8,76.98,85,100,13.4,light rain
45,Vila Velha,BR,-20.3297,-40.2925,64.35,82,75,18.41,broken clouds
46,Maiduguri,NG,11.8464,13.1603,79.75,71,98,3.83,overcast clouds
47,Port-Gentil,GA,-0.7193,8.7815,82.36,69,40,16.11,scattered clouds
48,Ponnani,IN,10.767,75.9252,79.92,84,100,8.19,overcast clouds
49,Qaanaaq,GL,77.484,-69.3632,44.71,89,100,13.47,light rain
50,Bengkulu,ID,-3.8004,102.2655,78.39,86,84,8.61,broken clouds
51,Alvaraes,BR,-3.2208,-64.8042,76.87,71,100,3.44,overcast clouds
52,Ndele,CF,8.4109,20.6473,83.89,59,27,6.31,scattered clouds
53,Thinadhoo,MV,0.5333,72.9333,82.31,71,99,5.82,overcast clouds
54,Juterbog,DE,51.9833,13.0833,75.85,49,100,13.98,overcast clouds
55,Swellendam,ZA,-34.0226,20.4417,55.33,70,100,5.17,overcast clouds
56,Altea,ES,38.5989,-0.0514,87.21,68,4,7.05,clear sky
57,La Ligua,CL,-32.4524,-71.2311,42.58,33,0,1.14,clear sky
58,Shahkot,IN,31.0775,75.3372,83.14,81,6,3.62,clear sky
59,Bubaque,GW,11.2833,-15.8333,76.39,87,100,12.41,moderate rain
60,Gambissara,SN,13.2382,-14.3108,84.87,67,93,3.31,overcast clouds
61,Upernavik,GL,72.7868,-56.1549,42.57,97,100,20.07,light rain
62,Saint George,US,37.1041,-113.5841,86.63,42,1,1.01,clear sky
63,Rondonopolis,BR,-16.4708,-54.6356,68.63,16,1,8.52,clear sky
64,Qandala,SO,11.472,49.8728,90.52,55,76,7.45,broken clouds
65,Nohar,IN,29.1833,74.7667,92.93,55,99,8.05,overcast clouds
66,Galle,LK,6.0367,80.217,80.02,87,99,12.86,overcast clouds
67,Lagoa,PT,39.05,-27.9833,70.21,81,76,7.05,broken clouds
68,Roros,NO,62.5747,11.3842,67.84,56,0,2.3,clear sky
69,Sao Joao Da Barra,BR,-21.6403,-41.0511,71.69,57,100,24.63,overcast clouds
70,Nouadhibou,MR,20.931,-17.0347,76.98,69,0,17.27,clear sky
71,Kroonstad,ZA,-27.6504,27.2349,67.77,20,0,9.48,clear sky
72,Conceicao Do Araguaia,BR,-8.2578,-49.2647,89.73,35,0,13.8,clear sky
73,Nizwa,OM,22.9333,57.5333,103.46,24,56,9.26,broken clouds
74,Diffa,NE,13.3154,12.6113,89.15,47,76,2.04,broken clouds
75,Mikkeli,FI,61.6886,27.2723,68.14,83,20,11.5,shower rain
76,Hithadhoo,MV,-0.6,73.0833,81.28,76,100,8.32,overcast clouds
77,Hillside,US,40.7012,-74.2301,78.71,74,90,1.99,overcast clouds
78,Dilla,ET,6.41,38.31,70.45,65,99,6.78,overcast clouds
79,Port Alfred,ZA,-33.5906,26.891,64.98,60,6,26.87,clear sky
80,Aktash,RU,50.3,87.7333,48.74,61,87,3.94,overcast clouds
81,Georgetown,MY,5.4112,100.3354,84.13,81,20,1.01,few clouds
82,Saint-Philippe,RE,-21.3585,55.7679,71.19,82,46,17.63,light rain
83,Birao,CF,10.2849,22.7882,89.31,52,52,4.0,broken clouds
84,Santa Rosa,PH,14.3122,121.1114,83.91,85,99,5.32,overcast clouds
85,Sinnamary,GF,5.3833,-52.95,82.51,73,3,5.17,clear sky
86,Husavik,IS,66.0449,-17.3389,51.71,96,100,1.79,overcast clouds
87,Maragogi,BR,-9.0122,-35.2225,79.14,71,15,4.83,few clouds
88,Mahebourg,MU,-20.4081,57.7,70.25,78,40,17.27,light rain
89,Chissamba,AO,-12.1667,17.3333,78.98,13,0,4.12,clear sky
90,Cidreira,BR,-30.1811,-50.2056,46.8,67,81,17.58,broken clouds
91,Vestmannaeyjar,IS,63.4427,-20.2734,63.59,59,75,2.3,broken clouds
92,Ancud,CL,-41.8697,-73.8203,40.53,83,6,1.7,clear sky
93,Rio Grande,BR,-32.035,-52.0986,48.31,67,10,17.02,clear sky
94,Dabat,ET,12.9842,37.765,60.91,85,99,5.91,light rain
95,Namibe,AO,-15.1961,12.1522,77.63,73,0,13.8,clear sky
96,Jibuti,DJ,11.5,42.5,94.41,32,64,9.28,broken clouds
97,Alta Floresta,BR,-9.8756,-56.0861,73.22,40,0,10.36,clear sky
98,Clarence Town,AU,-32.5833,151.7833,49.8,61,0,3.36,clear sky
99,Saldanha,ZA,-33.0117,17.9442,56.88,82,79,12.62,broken clouds
100,Kutum,SD,14.2,24.6667,88.86,36,95,8.72,overcast clouds
101,Taoudenni,ML,22.6783,-3.9836,109.76,17,6,1.41,clear sky
102,Rumphi,MW,-11.0186,33.8575,73.83,43,33,10.33,scattered clouds
103,Japura,ID,-0.3167,102.35,80.01,69,96,3.53,overcast clouds
104,Maltahohe,NA,-24.8333,16.9833,67.19,17,0,11.88,clear sky
105,Springdale,US,36.1867,-94.1288,86.25,87,1,0.0,clear sky
106,Icod De Los Vinos,ES,28.3724,-16.7119,81.66,63,17,10.76,few clouds
107,Grand-Santi,GF,4.25,-54.3833,85.82,62,11,2.77,few clouds
108,Mehamn,NO,71.0357,27.8492,49.91,85,100,7.96,overcast clouds
109,Sao Filipe,CV,14.8961,-24.4956,75.29,77,88,9.35,overcast clouds
110,Tournon-Sur-Rhone,FR,45.0667,4.8333,87.24,48,0,6.91,clear sky
111,Berlevag,NO,70.8578,29.0864,49.95,71,75,3.44,broken clouds
112,Bielsk Podlaski,PL,52.7651,23.1865,81.25,45,0,11.97,clear sky
113,Bella Vista,US,36.4295,-94.2316,85.98,79,1,4.0,clear sky
114,Pau,FR,43.4167,-0.5833,85.64,65,75,5.75,broken clouds
115,Iqaluit,CA,63.7506,-68.5145,47.93,70,20,3.0,few clouds
116,Nantucket,US,41.2835,-70.0995,76.96,58,1,8.05,clear sky
117,Ormara,PK,25.2088,64.6357,82.09,85,100,18.28,overcast clouds
118,Key West,US,24.5557,-81.7826,91.4,62,1,5.75,clear sky
119,Punta Arenas,CL,-53.15,-70.9167,42.91,75,75,13.8,broken clouds
120,Lebu,CL,-37.6167,-73.65,51.85,62,0,2.89,clear sky
121,Riyadh,SA,24.6877,46.7219,113.14,8,68,12.08,broken clouds
122,Matagami,CA,49.7502,-77.6328,60.91,94,90,6.91,overcast clouds
123,Bud,US,39.447,-86.1758,80.22,85,100,10.58,overcast clouds
124,Vila Franca Do Campo,PT,37.7167,-25.4333,77.41,70,50,6.78,scattered clouds
125,Codrington,AU,-38.2667,141.9667,44.35,72,0,14.41,clear sky
126,Shihezi,CN,44.3,86.0333,87.08,22,3,8.28,clear sky
127,Bambous Virieux,MU,-20.3428,57.7575,70.21,78,40,17.27,light rain
128,Kulhudhuffushi,MV,6.6221,73.07,82.9,73,100,12.21,overcast clouds
129,Caravelas,BR,-17.7125,-39.2481,80.1,60,2,8.19,clear sky
130,Skjervoy,NO,70.0311,20.9714,55.4,82,44,11.54,scattered clouds
131,Arraial Do Cabo,BR,-22.9661,-42.0278,71.56,59,40,28.77,scattered clouds
132,Manta,EC,-0.95,-80.7333,76.78,73,20,10.36,few clouds
133,Kovur,IN,14.4833,79.9833,94.05,37,100,16.62,overcast clouds
134,Lusambo,CD,-4.9667,23.45,99.34,16,7,1.81,clear sky
135,San Luis,AR,-33.295,-66.3356,50.43,25,0,12.73,clear sky
136,Ponta Do Sol,PT,32.6667,-17.1,77.63,60,25,4.16,scattered clouds
137,Sisimiut,GL,66.9395,-53.6735,50.54,64,99,3.31,overcast clouds
138,Meiganga,CM,6.5167,14.3,79.79,57,81,5.57,broken clouds
139,Rzhev,RU,56.2624,34.3282,80.06,45,99,9.33,very heavy rain
140,Victoria,HK,22.2855,114.1577,86.38,87,98,1.99,overcast clouds
141,Ondjiva,AO,-17.0667,15.7333,80.64,17,0,4.61,clear sky
142,Torbay,CA,47.6666,-52.7314,64.76,91,90,9.22,overcast clouds
143,Rehoboth,NA,-23.3167,17.0833,71.47,12,0,12.01,clear sky
144,Mar Del Plata,AR,-38.0023,-57.5575,51.01,71,0,9.22,clear sky
145,Bantry,IE,51.6833,-9.45,60.75,86,100,4.47,moderate rain
146,Vigrestad,NO,58.5667,5.7,67.96,75,99,8.32,overcast clouds
147,Cockburn Town,TC,21.4612,-71.1419,87.76,58,40,11.5,scattered clouds
148,Mezen,RU,65.8522,44.24,57.61,52,98,5.64,overcast clouds
149,Cabedelo,BR,-6.9811,-34.8339,84.87,66,43,11.25,scattered clouds
150,Clyde River,CA,70.4692,-68.5914,48.43,76,75,10.36,broken clouds
151,Sao Borja,BR,-28.6606,-56.0044,47.19,52,0,3.65,clear sky
152,Derzhavinsk,KZ,51.1,66.3167,70.09,31,0,11.12,clear sky
153,Pryluky,UA,50.5932,32.3876,85.35,48,75,7.16,broken clouds
154,Lapua,FI,62.9693,23.0088,75.88,58,93,6.31,overcast clouds
155,Murakeresztur,HU,46.3642,16.8818,90.34,27,0,3.29,clear sky
156,Narsaq,GL,60.9167,-46.05,53.82,71,100,5.28,overcast clouds
157,Iskateley,RU,67.6803,53.1512,51.31,69,100,1.92,overcast clouds
158,Santiago Del Estero,AR,-27.7951,-64.2615,51.8,32,0,9.71,clear sky
159,Ambalavao,MG,-21.8333,46.9333,60.6,82,60,6.22,broken clouds
160,Hofn,IS,64.2539,-15.2082,57.22,82,20,8.05,few clouds
161,Saint-Pierre,RE,-21.3393,55.4781,71.28,69,0,26.46,clear sky
162,Veraval,IN,20.9,70.3667,82.09,84,100,23.64,overcast clouds
163,Iquique,CL,-20.2208,-70.1431,57.24,62,59,5.64,broken clouds
164,Umuarama,BR,-23.7664,-53.325,46.38,41,2,8.99,clear sky
165,Panama City,PA,8.9936,-79.5197,87.06,73,40,6.91,scattered clouds
166,Porto Novo,BJ,6.4965,2.6036,84.02,53,32,12.84,scattered clouds
167,Praia Da Vitoria,PT,38.7333,-27.0667,75.45,64,20,8.97,few clouds
168,Luderitz,NA,-26.6481,15.1594,68.79,41,0,21.43,clear sky
169,Acarau,BR,-2.8856,-40.12,87.85,57,24,11.88,few clouds
170,Martinsicuro,IT,42.8811,13.9145,92.95,51,0,8.05,clear sky
171,Grand Gaube,MU,-20.0064,57.6608,70.38,70,86,10.0,overcast clouds
172,Izhma,RU,65.0083,53.9113,54.48,65,99,3.13,overcast clouds
173,Pangnirtung,CA,66.1451,-65.7125,51.8,76,1,11.5,clear sky
174,Santa Vitoria Do Palmar,BR,-33.5189,-53.3681,46.36,66,12,12.75,few clouds
175,Faya,SA,18.3851,42.4509,73.51,54,79,11.03,broken clouds
176,Jumla,NP,29.2747,82.1838,64.74,96,100,2.66,light rain
177,Maldonado,UY,-34.6667,-54.9167,46.22,67,17,13.44,few clouds
178,Pavino,RU,59.1139,46.1414,65.79,86,100,10.02,overcast clouds
179,Talcahuano,CL,-36.7167,-73.1167,53.28,58,0,6.91,clear sky
180,Muros,ES,42.7762,-9.0603,78.1,48,0,18.7,clear sky
181,Souillac,MU,-20.5167,57.5167,70.36,78,40,17.27,scattered clouds
182,Finnsnes,NO,69.2296,17.9811,65.01,58,99,4.54,overcast clouds
183,Samarina,RU,57.8878,27.8054,78.69,59,42,7.49,scattered clouds
184,Purpe,RU,64.4803,76.6897,58.62,83,100,14.36,overcast clouds
185,Lolodorf,CM,3.2333,10.7333,80.74,63,85,5.88,overcast clouds
186,Sur,OM,22.5667,59.5289,104.47,33,83,14.43,broken clouds
187,Sao Felix Do Xingu,BR,-6.6447,-51.995,91.85,27,0,4.54,clear sky
188,Kastamonu,TR,41.5,33.6667,77.94,31,0,11.39,clear sky
189,Anjangaon,IN,21.1631,77.3094,77.43,82,100,11.83,overcast clouds
190,Conceicao Do Mato Dentro,BR,-19.0372,-43.425,74.35,32,0,6.62,clear sky
191,Ushtobe,KZ,45.2514,77.9838,79.5,15,0,9.64,clear sky
192,North Myrtle Beach,US,33.816,-78.68,88.09,83,1,1.99,clear sky
193,Salalah,OM,17.0151,54.0924,80.69,83,90,12.66,overcast clouds
194,Paamiut,GL,61.994,-49.6678,41.94,93,100,5.06,overcast clouds
195,Necochea,AR,-38.5473,-58.7368,50.04,49,9,12.55,clear sky
196,Shar,KZ,49.5886,81.0453,70.38,36,100,8.5,overcast clouds
197,Luebo,CD,-5.35,21.4167,98.19,14,2,2.17,clear sky
198,Siavonga,ZM,-16.5382,28.7088,74.17,36,0,3.0,clear sky
199,Vardo,NO,70.3705,31.1107,48.4,85,95,7.65,overcast clouds
200,Nyrob,RU,60.733,56.7202,60.35,60,91,1.63,overcast clouds
201,Saint-Georges,GD,12.0564,-61.7485,78.48,89,75,13.8,broken clouds
202,Krasnoselkup,RU,65.7,82.4667,64.89,60,100,16.04,overcast clouds
203,Villa Carlos Paz,AR,-31.4241,-64.4978,49.89,42,0,11.99,clear sky
204,Oranjemund,NA,-28.55,16.4333,59.45,57,0,17.96,clear sky
205,Akureyri,IS,65.6835,-18.0878,51.73,82,90,2.3,overcast clouds
206,Jaciara,BR,-15.9653,-54.9683,65.97,18,0,9.62,clear sky
207,Sesheke,ZM,-17.4759,24.2968,78.76,16,26,8.01,scattered clouds
208,Funadhoo,MV,6.15,73.2667,83.14,73,90,12.15,overcast clouds
209,Sistranda,NO,63.7256,8.834,66.16,87,77,18.84,broken clouds
210,Atbasar,KZ,51.8,68.3333,67.87,36,1,9.28,clear sky
211,Vathi,GR,38.4,23.6,105.75,13,0,8.05,clear sky
212,Trinidad,BO,-14.8333,-64.9,64.38,34,75,13.8,broken clouds
213,Goure,NE,13.9835,10.2704,91.02,40,99,1.66,overcast clouds
214,Lucea,JM,18.451,-78.1736,85.86,72,40,7.0,scattered clouds
215,Bonavista,CA,48.6499,-53.1147,65.12,93,100,9.26,light rain
216,Hohoe,GH,7.1518,0.4736,86.05,49,36,5.37,scattered clouds
217,Carauari,BR,-4.8828,-66.8958,82.0,46,53,7.7,broken clouds
218,Ajaccio,FR,42.0,8.9167,84.36,58,0,12.66,clear sky
219,Lima,PE,-12.0432,-77.0282,59.25,88,90,2.3,overcast clouds
220,Baghdad,IQ,33.3406,44.4009,111.11,13,0,14.97,clear sky
221,Dhidhdhoo,MV,6.8833,73.1,82.96,74,100,12.33,overcast clouds
222,Kaabong,UG,3.4836,34.1492,70.97,65,91,2.77,light rain
223,Port Elizabeth,ZA,-33.918,25.5701,63.1,67,75,19.57,broken clouds
224,Deblin,PL,51.5591,21.8483,84.02,37,10,10.63,clear sky
225,Ariquemes,BR,-9.9133,-63.0408,71.6,23,2,9.95,clear sky
226,Correntina,BR,-13.3433,-44.6367,84.97,28,0,7.58,clear sky
227,Goderich,CA,43.7501,-81.7165,72.91,88,94,5.75,overcast clouds
228,Junin,AR,-34.5838,-60.9433,50.99,41,0,7.85,clear sky
229,Beyneu,KZ,45.3167,55.2,91.29,17,0,6.85,clear sky
230,Shahrud,IR,36.4182,54.9763,76.17,51,85,14.74,overcast clouds
231,Don Benito,ES,38.9563,-5.8616,96.93,16,0,11.18,clear sky
232,Bela,IN,25.9333,81.9833,83.44,83,100,11.39,light rain
233,Kruisfontein,ZA,-34.0033,24.7314,60.89,61,11,21.74,few clouds
234,Tres Arroyos,AR,-38.3739,-60.2798,48.81,42,0,10.58,clear sky
235,Havre-Saint-Pierre,CA,50.2334,-63.5986,61.16,63,75,16.11,broken clouds
236,Zonguldak,TR,41.25,31.8333,77.85,28,0,8.55,clear sky
237,Akdepe,TM,42.0551,59.3788,91.4,21,0,18.7,clear sky
238,Landerneau,FR,48.4525,-4.2525,70.56,59,90,17.27,overcast clouds
239,Valparaiso,CL,-33.0393,-71.6273,50.92,91,90,5.75,fog
240,Ostrovnoy,RU,68.0531,39.5131,48.6,75,100,5.41,overcast clouds
241,Buchanan,LR,5.8808,-10.0467,82.08,60,92,7.92,overcast clouds
242,Brigantine,US,39.4101,-74.3646,77.16,88,90,10.36,overcast clouds
243,Yining,CN,29.0361,114.5636,79.5,81,3,2.15,clear sky
244,Port Blair,IN,11.6667,92.75,82.24,84,77,17.05,broken clouds
245,Yambio,SS,4.5721,28.3955,76.08,89,42,5.73,light rain
246,Bathsheba,BB,13.2167,-59.5167,86.61,70,40,18.41,scattered clouds
247,Pedreiras,BR,-4.5688,-44.6003,92.43,46,29,2.13,scattered clouds
248,Ilulissat,GL,69.2167,-51.1,51.82,62,75,3.44,broken clouds
249,West Bay,KY,19.3667,-81.4167,88.07,77,40,1.99,scattered clouds
250,Kremenki,RU,54.885,37.1261,81.5,60,97,4.47,overcast clouds
251,Iralaya,HN,15.0,-83.2333,80.69,82,100,10.09,overcast clouds
252,Atar,MR,20.5169,-13.0499,103.35,18,13,11.92,few clouds
253,Shirvan,AZ,39.9509,48.8994,85.95,31,55,14.5,broken clouds
254,Roquetas De Mar,ES,36.7642,-2.6148,84.2,69,11,6.58,few clouds
255,Los Llanos De Aridane,ES,28.6585,-17.9182,73.15,79,75,13.8,broken clouds
256,Moengo,SR,5.6167,-54.4,87.15,56,1,3.87,clear sky
257,Quatre Cocos,MU,-20.2078,57.7625,70.09,72,94,21.68,light rain
258,Grindavik,IS,63.8424,-22.4338,63.07,67,0,8.05,clear sky
259,Dolores,AR,-36.3132,-57.6792,46.0,52,12,11.16,few clouds
260,Multan,PK,30.1956,71.4753,96.69,56,75,6.91,smoke
261,Terra Santa,BR,-2.1042,-56.4869,90.64,32,58,4.72,broken clouds
262,Tayzhina,RU,53.6679,87.4362,59.7,61,86,3.56,overcast clouds
263,Ramnagar,IN,29.4,79.1167,80.19,86,100,2.15,overcast clouds
264,Canete,CL,-37.8,-73.4,54.73,57,0,0.96,clear sky
265,Darnah,LY,32.767,22.6367,85.06,59,0,20.62,clear sky
266,Korla,CN,41.7597,86.1469,96.85,15,2,13.13,clear sky
267,Inhambane,MZ,-23.865,35.3833,72.86,52,1,9.31,clear sky
268,Basavana Bagevadi,IN,16.5833,75.9667,74.84,77,100,19.64,overcast clouds
269,Byumba,RW,-1.5763,30.0675,70.0,36,76,3.27,broken clouds
270,Bar-Le-Duc,FR,48.75,5.1667,70.61,59,83,11.81,broken clouds
271,Portel,BR,-1.9356,-50.8211,76.48,88,100,2.91,overcast clouds
272,Brekstad,NO,63.687,9.6654,68.92,77,75,17.27,broken clouds
273,Chapais,CA,49.7834,-74.8492,60.58,95,100,8.32,overcast clouds
274,Umea,SE,63.8284,20.2597,80.53,39,20,10.36,few clouds
275,Coihaique,CL,-45.5752,-72.0662,45.21,75,0,9.22,clear sky
276,Conway,US,35.0887,-92.4421,86.02,82,1,0.0,clear sky
277,Bandarbeyla,SO,9.4942,50.8122,79.74,72,100,34.23,overcast clouds
278,Aswan,EG,24.0934,32.907,108.7,12,0,11.5,clear sky
279,Elizabeth City,US,36.2946,-76.2511,84.25,80,1,1.99,clear sky
280,Puerto Del Rosario,ES,28.5004,-13.8627,80.28,73,20,17.27,few clouds
281,George,ZA,-33.963,22.4617,56.75,82,40,8.05,scattered clouds
282,Kavaratti,IN,10.5669,72.642,82.22,79,91,14.92,overcast clouds
283,Axim,GH,4.8699,-2.2405,82.11,61,96,7.87,overcast clouds
284,Sao Francisco,BR,-15.9486,-44.8644,78.62,32,0,8.03,clear sky
285,Itapirapua,BR,-15.8233,-50.6133,71.35,18,0,13.2,clear sky
286,Avesta,SE,60.1455,16.1679,66.4,66,62,10.63,moderate rain
287,Lonar,IN,19.9833,76.5333,75.0,79,100,11.39,overcast clouds
288,Charyshskoye,RU,51.3978,83.5598,61.77,72,100,3.71,overcast clouds
289,Tessalit,ML,20.1986,1.0114,103.44,22,22,9.8,few clouds
290,Ler,SS,8.3018,30.1418,83.12,69,97,5.21,overcast clouds
291,Fort-Shevchenko,KZ,44.5086,50.263,82.71,44,0,13.87,clear sky
292,Laranjeiras Do Sul,BR,-25.4078,-52.4161,40.89,47,8,6.78,clear sky
293,Sidi Ali,DZ,36.0998,0.4206,85.89,57,9,9.93,clear sky
294,Buraydah,SA,26.326,43.975,109.85,8,85,12.8,overcast clouds
295,Benghazi,LY,32.1167,20.0667,85.6,62,0,17.18,clear sky
296,Baymak,RU,52.5933,58.3225,71.4,31,54,9.93,broken clouds
297,Saint-Augustin,CA,51.226,-58.6502,59.2,79,89,8.34,overcast clouds
298,Thompson,CA,55.7435,-97.8558,60.96,63,20,2.3,few clouds
299,Igrim,RU,63.1906,64.4162,53.35,68,81,4.52,broken clouds
300,Ravar,IR,31.2656,56.8055,92.64,10,12,18.43,few clouds
301,The Valley,AI,18.217,-63.0578,85.1,83,20,17.27,few clouds
302,Ikom,NG,5.9667,8.7063,88.29,52,39,4.16,scattered clouds
303,Saint-Joseph,RE,-21.3667,55.6167,70.18,79,26,17.98,light rain
304,Palafrugell,ES,41.9174,3.1631,92.14,50,1,3.0,clear sky
305,Veinticinco De Mayo,AR,-35.4323,-60.1727,48.06,57,0,5.01,clear sky
306,Eregli,TR,37.5133,34.0467,84.63,24,0,8.1,clear sky
307,Constitucion,CL,-35.3333,-72.4167,54.68,55,0,3.65,clear sky
308,Jacareacanga,BR,-6.2222,-57.7528,82.71,57,0,6.91,clear sky
309,Kamenka,RU,51.3223,42.7678,85.86,37,72,11.27,broken clouds
310,Santa Maria,BR,-29.6842,-53.8069,45.7,61,0,8.05,clear sky
311,Hambantota,LK,6.1241,81.1185,84.54,74,20,13.8,few clouds
312,Medea,DZ,36.2642,2.7539,79.25,17,8,9.46,clear sky
313,Belmonte,BR,-15.8631,-38.8828,82.9,64,4,7.52,clear sky
314,Yadgir,IN,16.7667,77.1333,76.15,81,100,14.36,overcast clouds
315,Kosh-Agach,RU,50.0,88.6667,58.68,37,99,2.08,overcast clouds
316,Bereda,ES,43.2686,-7.5406,78.42,28,0,3.09,clear sky
317,Gat,IL,31.61,34.7642,92.39,41,0,14.07,clear sky
318,Kivertsi,UA,50.8343,25.4582,80.92,57,39,10.42,scattered clouds
319,Olinda,BR,-8.0089,-34.8553,80.33,69,40,6.91,scattered clouds
320,Mgandu,TZ,-5.95,34.1333,79.0,24,0,7.07,clear sky
321,Santa Ana,US,33.7456,-117.8678,79.36,81,20,3.44,few clouds
322,Araguacu,BR,-12.9306,-49.8264,81.73,31,0,10.25,clear sky
323,Havelock,US,34.8791,-76.9013,84.06,84,0,5.01,clear sky
324,Huarmey,PE,-10.0681,-78.1522,66.31,80,65,5.84,broken clouds
325,Itupiranga,BR,-5.1347,-49.3267,89.92,39,61,1.48,broken clouds
326,Holme,DK,56.1138,10.1725,63.18,68,96,20.67,overcast clouds
327,Madimba,TZ,-10.4,40.3333,78.6,58,0,16.53,clear sky
328,Baie-Comeau,CA,49.2168,-68.1489,66.2,67,1,12.66,clear sky
329,Bridlington,GB,54.0831,-0.1919,66.38,79,93,23.91,overcast clouds
330,Inirida,CO,3.8653,-67.9239,81.25,76,56,1.88,broken clouds
331,Coquimbo,CL,-29.9533,-71.3436,47.93,81,40,3.44,scattered clouds
332,Abu Kamal,SY,34.4506,40.9171,104.76,13,0,16.98,clear sky
333,Dwarka,IN,22.2394,68.9678,82.9,83,100,25.03,overcast clouds
334,Indiana,US,40.0003,-86.2503,79.97,83,90,4.61,overcast clouds
335,Porto Real,BR,-22.4197,-44.2903,63.12,35,5,4.34,clear sky
336,Lodwar,KE,3.1191,35.5973,89.44,32,32,8.99,scattered clouds
337,Fredericton,CA,45.9454,-66.6656,70.38,52,1,1.01,clear sky
338,Polunochnoye,RU,60.8697,60.4153,55.49,52,95,5.53,overcast clouds
339,Kismayo,SO,-0.3582,42.5454,77.94,70,99,18.99,overcast clouds
340,Rustenburg,ZA,-25.6676,27.2421,71.8,14,0,11.21,clear sky
341,Pangody,RU,65.85,74.4859,62.29,74,86,14.32,light rain
342,Yar-Sale,RU,66.8333,70.8333,52.38,88,100,6.24,heavy intensity rain
343,Sao Miguel Do Araguaia,BR,-13.275,-50.1628,79.38,30,0,10.74,clear sky
344,Biltine,TD,14.5333,20.9167,93.2,40,57,8.81,broken clouds
345,Turinsk,RU,58.0458,63.696,56.3,78,96,4.52,overcast clouds
346,Biu,NG,10.6129,12.1946,78.1,68,99,5.3,moderate rain
347,Saratoga Springs,US,43.0831,-73.7846,74.75,74,100,1.01,overcast clouds
348,Sindor,RU,62.8629,51.8905,57.49,61,73,4.34,broken clouds
349,Kashi,CN,39.4547,75.9797,94.21,21,40,4.47,scattered clouds
350,Zambezi,ZM,-13.5432,23.1047,82.29,15,37,6.06,scattered clouds
351,Wagar,SD,16.1525,36.2032,90.45,49,99,9.35,overcast clouds
352,Rockford,US,42.2711,-89.094,81.59,76,90,16.11,overcast clouds
353,Olean,US,42.0776,-78.4297,69.08,100,90,3.44,moderate rain
354,Kardla,EE,58.9978,22.7492,73.38,64,0,11.5,clear sky
355,Babaeski,TR,41.4325,27.0931,103.46,15,9,8.34,clear sky
356,Mayor Pablo Lagerenza,PY,-19.9309,-60.7718,59.92,23,36,7.2,scattered clouds
357,Ginir,ET,7.1333,40.7,68.56,54,97,10.4,overcast clouds
358,Barra Dos Coqueiros,BR,-10.9089,-37.0386,82.42,69,20,10.36,few clouds
359,Simpsonville,US,34.7371,-82.2543,86.9,69,1,0.0,clear sky
360,Kunya,NG,12.2233,8.5325,86.16,62,75,9.22,broken clouds
361,Ormstown,CA,45.1334,-73.9992,71.83,60,100,1.74,overcast clouds
362,Marquette,US,46.5333,-87.6335,66.78,91,99,1.01,overcast clouds
363,Taltal,CL,-25.4,-70.4833,64.98,44,0,5.19,clear sky
364,Kigoma,TZ,-4.8769,29.6267,79.61,50,0,11.74,clear sky
365,Bandundu,CD,-3.3167,17.3667,101.62,12,76,2.95,broken clouds
366,Mariental,NA,-24.6333,17.9667,71.51,16,0,9.82,clear sky
367,Chapeco,BR,-27.0964,-52.6183,40.75,65,40,11.5,scattered clouds
368,Road Town,VG,18.4167,-64.6167,86.2,74,20,11.5,few clouds
369,Januaria,BR,-15.4833,-44.3667,81.34,32,0,8.77,clear sky
370,Bani Walid,LY,31.7566,13.9942,99.75,15,0,10.0,clear sky
371,Bar Harbor,US,44.3876,-68.2039,74.93,59,1,4.0,clear sky
372,Sencha,UA,50.2548,33.346,89.11,38,94,8.21,light rain
373,San Andres,CO,12.5847,-81.7006,84.22,74,40,11.5,scattered clouds
374,Nara,JP,34.6851,135.8049,84.96,94,0,3.29,clear sky
375,Bayan,CN,46.0833,127.4,75.42,75,100,1.39,moderate rain
376,Henties Bay,NA,-22.116,14.2845,62.85,64,0,14.34,clear sky
377,Knysna,ZA,-34.0363,23.0471,59.38,58,82,9.69,broken clouds
378,Xai-Xai,MZ,-25.0519,33.6442,78.15,38,0,3.74,clear sky
379,Araouane,ML,18.9048,-3.5265,100.81,29,93,7.2,overcast clouds
380,Avezzano,IT,42.0402,13.4388,93.72,18,0,12.93,clear sky
381,Umm Lajj,SA,25.0213,37.2685,89.02,56,100,10.47,overcast clouds
382,Yenagoa,NG,4.9247,6.2642,90.99,41,63,5.59,broken clouds
383,Conde,BR,-7.2597,-34.9075,83.66,58,75,9.22,broken clouds
384,Viransehir,TR,37.2353,39.7631,104.81,12,1,6.67,clear sky
385,Gambela,ET,8.25,34.5833,79.43,82,100,1.43,light rain
386,Cabo Rojo,PR,18.0866,-67.1457,87.73,70,12,5.01,few clouds
387,Pitalito,CO,1.8497,-76.0479,66.87,89,89,1.63,overcast clouds
388,Ahar,IR,38.4774,47.0699,62.92,76,97,8.9,overcast clouds
389,Svetlogorsk,BY,52.6333,29.7333,78.76,61,99,5.77,moderate rain
390,Salas,ES,43.4118,-6.2602,69.37,54,29,6.98,scattered clouds
391,Cabinda,AO,-5.55,12.2,78.94,69,75,8.05,broken clouds
392,Touros,BR,-5.1989,-35.4608,85.1,56,67,14.56,broken clouds
393,Mugango,TZ,-1.6833,33.7,76.93,50,75,9.19,broken clouds
394,Calvinia,ZA,-31.4707,19.776,55.42,54,0,8.19,clear sky
395,Nobres,BR,-14.7203,-56.3275,68.05,16,0,10.74,clear sky
396,Kayes,ML,14.0,-11.0,86.11,63,100,8.48,overcast clouds
397,Lahij,YE,13.1667,44.5833,90.52,48,28,7.14,scattered clouds
398,Usinsk,RU,65.9939,57.5281,52.77,72,100,5.26,overcast clouds
399,Imst,AT,47.2684,10.6698,61.72,56,24,7.74,few clouds
400,Pisco,PE,-13.7,-76.2167,62.65,77,90,3.44,mist
401,Ati,TD,13.2154,18.3353,91.81,44,48,2.68,scattered clouds
402,Savinka,RU,50.0785,47.0994,88.41,26,100,4.34,overcast clouds
403,Altay,CN,47.8667,88.1167,67.75,21,0,4.88,clear sky
404,Nampula,MZ,-15.1165,39.2666,76.95,41,40,6.91,scattered clouds
405,Ibra,OM,22.6906,58.5334,106.12,20,43,16.11,scattered clouds
406,Carutapera,BR,-1.195,-46.02,86.13,63,22,7.47,few clouds
407,Mangrol,IN,21.1167,70.1167,82.11,83,100,23.47,moderate rain
408,Sovetskiy,RU,61.3614,63.5842,52.47,61,100,7.0,overcast clouds
409,San Carlos De Bariloche,AR,-41.1456,-71.3082,31.75,74,20,0.0,fog
410,Qrendi,MT,35.8347,14.4583,96.46,26,0,14.97,clear sky
411,Awjilah,LY,29.1081,21.2869,99.45,16,0,7.2,clear sky
412,Maroantsetra,MG,-15.4333,49.7333,70.81,88,36,4.21,light rain
413,Turukhansk,RU,65.8167,87.9833,56.01,93,100,4.25,light rain
414,Llata,PE,-9.4167,-76.7833,53.46,71,80,4.32,broken clouds
415,Stornoway,GB,58.2093,-6.3865,58.96,82,90,9.22,light rain
416,Caxias,PT,38.7031,-9.2767,82.22,57,20,11.01,few clouds
417,Vestmanna,FO,62.1564,-7.1664,56.32,94,40,9.22,scattered clouds
418,Piranshahr,IR,36.701,45.1413,80.19,42,2,12.59,clear sky
419,Qax,AZ,41.4225,46.9242,65.39,88,98,5.03,overcast clouds
420,Thunder Bay,CA,48.4001,-89.3168,70.56,76,75,6.91,broken clouds
421,Rio Gallegos,AR,-51.6226,-69.2181,42.85,70,75,13.8,broken clouds
422,Katastarion,GR,37.8333,20.7667,103.78,21,0,10.36,clear sky
423,Oksfjord,NO,70.2396,22.3479,53.67,64,86,5.73,overcast clouds
424,Dostpur,IN,26.2833,82.4667,84.69,82,100,7.58,overcast clouds
425,Vredendal,ZA,-31.6683,18.5012,65.12,48,1,8.21,clear sky
426,Qasigiannguit,GL,68.8193,-51.1922,52.05,79,100,11.1,overcast clouds
427,Polyarnyy,RU,69.1989,33.4478,50.47,75,91,9.33,overcast clouds
428,Mayumba,GA,-3.432,10.6554,77.61,73,36,10.11,scattered clouds
429,San Jose,US,37.3394,-121.895,68.36,84,75,0.0,broken clouds
430,Lulea,SE,65.5842,22.1547,75.27,57,0,9.22,clear sky
431,Harlingen,US,26.1906,-97.6961,83.89,100,1,4.61,clear sky
432,San Cristobal,VE,7.7669,-72.225,77.18,76,79,7.61,broken clouds
433,Rock Sound,BS,24.9,-76.2,82.98,72,10,10.11,clear sky
434,Casa Nova,BR,-9.4167,-41.1333,87.78,43,0,7.25,clear sky
435,Shelburne,CA,44.0787,-80.2041,65.75,79,100,10.51,overcast clouds
436,Tourlaville,FR,49.6383,-1.5664,69.22,52,40,14.97,scattered clouds
437,Nefteyugansk,RU,61.0998,72.6035,57.45,61,35,5.61,scattered clouds
438,Anopino,RU,55.6981,40.6671,76.8,59,59,8.14,broken clouds
439,Raudeberg,NO,61.9875,5.1352,73.0,94,100,7.27,overcast clouds
440,Laguna,US,38.421,-121.4238,81.1,70,1,3.0,clear sky
441,Male,MV,4.1748,73.5089,84.15,79,75,11.5,broken clouds
442,Alto Piquiri,BR,-24.0281,-53.4406,46.18,44,3,7.78,clear sky
443,Getulio Vargas,UY,-32.6796,-53.5494,46.49,62,7,11.95,clear sky
444,Martyush,RU,56.4,61.8819,68.54,44,96,8.55,overcast clouds
445,Kirkuk,IQ,35.4681,44.3922,107.8,14,0,10.85,clear sky
446,Melito Di Porto Salvo,IT,37.9222,15.7714,96.69,24,0,17.27,clear sky
447,Westport,US,41.1415,-73.3579,77.27,82,75,1.01,broken clouds
448,Girona,ES,41.9831,2.8249,95.9,53,0,17.27,clear sky
449,Rawson,AR,-43.3002,-65.1023,51.01,42,0,9.82,clear sky
450,Fereydun Kenar,IR,36.6864,52.5225,73.71,74,100,10.42,overcast clouds
451,Stryn,NO,61.9045,6.7226,75.15,51,100,3.96,overcast clouds
452,Sambava,MG,-14.2667,50.1667,72.41,85,86,9.33,light rain
453,Mitsamiouli,KM,-11.3847,43.2844,77.56,67,21,17.52,few clouds
454,Mjolby,SE,58.326,15.1237,62.33,57,93,14.29,overcast clouds
455,Maarianhamina,AX,60.0973,19.9348,71.46,73,0,24.16,clear sky
456,Leh,IN,34.1667,77.5833,68.02,47,92,4.88,overcast clouds
457,Makurdi,NG,7.7411,8.5121,85.93,62,92,6.33,overcast clouds
458,Salinopolis,BR,-0.6136,-47.3561,84.2,69,11,9.89,few clouds
459,Marawi,PH,7.9986,124.2928,70.36,88,97,4.38,overcast clouds
460,Manacapuru,BR,-3.2997,-60.6206,84.78,50,3,5.64,clear sky
461,San Rafael,AR,-34.6177,-68.3301,51.87,22,0,5.68,clear sky
462,Dawlatabad,AF,36.4141,64.9053,100.22,12,8,18.7,clear sky
463,Kindu,CD,-2.95,25.95,94.51,25,24,2.44,few clouds
464,Tahta,EG,26.7693,31.5021,104.32,11,4,18.19,clear sky
465,Madison,US,34.7334,-86.5667,85.1,78,1,0.0,clear sky
466,Boly,HU,45.9672,18.5183,86.68,24,0,5.28,clear sky
467,Itaituba,BR,-4.2761,-55.9836,89.76,62,20,4.61,few clouds
468,Sorland,NO,67.667,12.6934,55.47,67,20,20.71,few clouds
469,Aquiraz,BR,-3.9014,-38.3911,87.22,57,16,12.46,few clouds
470,Kisangani,CD,0.5167,25.2,90.05,37,100,1.81,overcast clouds
471,Sioux Lookout,CA,50.1001,-91.917,61.18,63,75,8.05,broken clouds
472,Itarema,BR,-2.9248,-39.9167,88.84,54,33,12.57,scattered clouds
473,Miraflores,MX,19.2167,-98.8083,60.03,89,95,2.89,overcast clouds
474,Ngorongoro,TZ,-3.2397,35.4875,60.55,53,65,7.9,broken clouds
475,Cochrane,CA,51.1834,-114.4687,68.47,57,40,8.05,haze
476,Nokaneng,BW,-19.6667,22.2667,77.5,14,95,9.44,overcast clouds
477,Tahoua,NE,14.8888,5.2692,89.58,55,20,0.0,few clouds
478,Natal,BR,-5.795,-35.2094,86.22,62,75,14.97,broken clouds
479,Yabelo,ET,4.8833,38.0833,68.04,47,100,3.87,overcast clouds
480,Cayenne,GF,4.9333,-52.3333,87.84,77,20,1.99,few clouds
481,Cape Coast,GH,5.1053,-1.2466,80.94,67,83,9.15,broken clouds
482,Straza,SI,45.78,15.0728,90.79,43,18,4.0,few clouds
483,Havoysund,NO,70.9963,24.6622,47.28,85,100,13.62,overcast clouds
484,Beisfjord,NO,68.3751,17.5988,69.04,63,89,6.76,overcast clouds
485,Tera,NE,14.0078,0.7531,91.96,42,92,8.05,overcast clouds
486,San Ramon,US,37.7799,-121.978,68.22,80,1,1.99,clear sky
487,Mahibadhoo,MV,3.7833,72.9667,83.12,70,99,10.02,overcast clouds
488,Shirochanka,RU,46.6497,38.3978,84.99,41,1,10.87,clear sky
489,Bail Hongal,IN,15.8167,74.8667,72.64,80,100,16.8,overcast clouds
490,Pizarro,CO,4.9533,-77.366,81.77,76,41,2.98,scattered clouds
491,Ardesen,TR,41.1911,40.9875,78.76,72,49,1.12,scattered clouds
492,Whitehaven,GB,54.549,-3.5841,62.19,84,87,21.7,overcast clouds
493,Piritiba,BR,-11.7303,-40.5553,85.57,39,0,3.96,clear sky
494,Mosquera,CO,4.7059,-74.2302,57.29,72,75,6.91,broken clouds
495,Bilma,NE,18.6853,12.9164,105.01,16,35,2.66,scattered clouds
496,Bogande,BF,12.9714,-0.1436,88.29,49,96,10.18,overcast clouds
497,Dingli,MT,35.8614,14.3822,95.16,26,0,14.97,clear sky
498,Dudinka,RU,69.4058,86.1778,63.55,61,100,9.37,overcast clouds
499,Woodstock,CA,43.1334,-80.7497,71.65,94,100,8.72,overcast clouds
500,Benguela,AO,-12.5763,13.4055,75.88,70,13,8.84,few clouds
501,Presidente Medici,BR,-11.1753,-61.9014,69.98,17,1,11.32,clear sky
502,Esfarayen,IR,37.0765,57.5101,67.66,58,17,16.22,few clouds
503,Geraldton,AU,-28.7667,114.6,66.13,72,75,20.71,broken clouds
504,Podor,MR,16.6527,-14.9587,89.92,47,100,9.4,overcast clouds
505,Janakkala,FI,60.9,24.6,76.3,45,61,13.71,broken clouds
506,Gazli,UZ,40.1333,63.45,91.6,22,78,20.65,broken clouds
507,Chicama,PE,-7.8447,-79.1469,61.34,77,41,4.38,scattered clouds
508,Menongue,AO,-14.6585,17.691,80.58,12,0,8.39,clear sky
509,Manaure,CO,11.7751,-72.4445,85.21,64,35,18.48,scattered clouds
510,Miracema Do Tocantins,BR,-9.5618,-48.3967,93.61,18,0,8.21,clear sky
511,Staryy Nadym,RU,65.6118,72.6842,52.34,91,100,8.7,light rain
512,Iberia,US,29.9502,-91.7507,87.96,84,1,3.44,clear sky
513,Sabha,LY,27.0377,14.4283,99.68,13,0,10.69,clear sky
514,Shubarkuduk,KZ,49.1447,56.4872,80.51,18,0,12.8,clear sky
515,Qaqortoq,GL,60.7167,-46.0333,54.1,79,99,5.32,overcast clouds
516,Maragheh,IR,37.3917,46.2398,82.67,26,20,19.57,few clouds
517,Peterhead,GB,57.5058,-1.7981,61.11,90,100,20.76,overcast clouds
518,Chama,CH,47.1821,8.4636,79.92,58,40,2.3,scattered clouds
519,Belyy Yar,RU,53.6039,91.3903,66.09,63,0,6.71,clear sky
520,Kandalaksha,RU,67.162,32.4123,54.14,88,100,3.53,overcast clouds
521,Ngama,TD,11.7833,17.1667,86.63,60,98,6.24,light rain
522,San Antero,CO,9.3741,-75.7589,81.91,79,30,6.89,scattered clouds
523,Kem,RU,64.9555,34.5793,54.81,76,100,14.52,overcast clouds
524,Nyuksenitsa,RU,60.4128,44.2397,62.83,92,100,2.93,overcast clouds
525,Vagur,FO,61.4732,-6.8119,52.5,94,100,8.75,overcast clouds
526,Mola Di Bari,IT,41.0609,17.0873,106.41,26,0,11.45,clear sky
527,Impfondo,CG,1.6381,18.0667,94.32,31,97,3.67,overcast clouds
528,Unai,BR,-16.3575,-46.9061,72.5,27,0,6.8,clear sky
529,Ajdabiya,LY,30.7554,20.2263,90.64,38,0,15.08,clear sky
530,Mwense,ZM,-10.3845,28.698,85.73,18,3,6.2,clear sky
531,Aygedzor,AM,38.9785,46.2079,73.89,71,73,8.72,broken clouds
532,Puri,IN,19.8,85.85,83.37,76,100,20.09,light rain
533,Belmopan,BZ,17.25,-88.7667,85.28,84,100,3.98,overcast clouds
534,Ambovombe,MG,-25.1667,46.0833,70.63,74,26,13.78,scattered clouds
535,Jeremie,HT,18.65,-74.1167,83.68,66,42,3.15,scattered clouds
536,Trairi,BR,-3.2778,-39.2689,88.07,54,71,12.64,broken clouds
537,Boddam,GB,57.4667,-1.7833,61.09,90,100,20.89,overcast clouds
538,Morros,BR,-9.4467,-46.3003,91.6,18,0,6.58,clear sky
539,Tiznit,MA,29.5833,-9.5,98.51,21,99,3.31,overcast clouds
540,Hobyo,SO,5.3505,48.5268,79.83,70,90,27.45,overcast clouds
541,High Rock,BS,26.6208,-78.2833,86.02,69,0,9.8,clear sky
542,Kemijarvi,FI,66.7131,27.4306,60.04,74,88,10.67,overcast clouds
543,Jardim,BR,-21.4803,-56.1381,55.24,22,49,4.99,scattered clouds
544,Estelle,US,29.8458,-90.1067,89.01,69,75,4.61,broken clouds
545,Billund,DK,55.7335,9.1078,66.31,63,40,17.27,scattered clouds
546,Sao Gabriel Da Cachoeira,BR,-0.1303,-67.0892,78.6,94,75,4.61,broken clouds
547,Sayyan,YE,15.1718,44.3244,69.04,57,92,2.33,overcast clouds
548,Kayerkan,RU,69.3497,87.7602,58.46,70,99,6.96,overcast clouds
549,Naliya,IN,23.2667,68.8333,82.96,80,100,22.59,overcast clouds
550,Gazanjyk,TM,39.2446,55.5154,91.11,26,51,5.86,broken clouds
551,Nioki,CD,-2.7167,17.6833,102.11,12,59,2.33,broken clouds
552,Paita,PE,-5.0892,-81.1144,68.56,78,76,8.61,broken clouds
553,Tsimlyansk,RU,47.6461,42.1019,95.45,27,6,9.13,clear sky
554,Dunmore Town,BS,25.5,-76.65,83.32,68,6,11.3,clear sky
555,Rio Verde De Mato Grosso,BR,-18.9181,-54.8442,61.47,19,2,8.7,clear sky
556,Abu Dhabi,AE,24.4667,54.3667,98.71,63,69,10.36,broken clouds
557,Aksu,CN,41.1231,80.2644,95.2,14,6,8.28,light rain
558,Jamuria,IN,23.7,87.0833,80.31,87,100,11.52,light rain
559,Melbu,NO,68.5044,14.8297,62.42,51,20,10.36,few clouds
560,Varnavino,RU,57.4035,45.0916,64.62,87,100,4.34,overcast clouds
561,Envira,BR,-7.3,-70.2167,71.65,37,9,7.87,clear sky
562,Uvinza,TZ,-5.1036,30.3911,88.41,22,10,2.13,clear sky
563,Haverfordwest,GB,51.8017,-4.9691,67.55,62,100,4.0,overcast clouds
564,La Palma,US,33.8464,-118.0467,83.35,87,20,1.01,few clouds
565,Leo,BF,11.1,-2.1,85.98,55,96,11.72,overcast clouds
566,Kilindoni,TZ,-7.9139,39.6668,76.46,71,0,18.32,clear sky
567,Harper,LR,4.375,-7.7169,80.22,71,93,9.46,overcast clouds
568,Sarakhs,IR,36.5449,61.1577,98.74,23,0,34.52,sand
569,Kirovohrad,UA,48.5132,32.2597,92.17,34,49,9.95,scattered clouds
570,Cap Malheureux,MU,-19.9842,57.6142,70.47,71,77,8.01,broken clouds
571,Caala,AO,-12.8525,15.5606,76.53,12,0,5.19,clear sky
572,Kasungu,MW,-13.0333,33.4833,76.42,29,0,8.25,clear sky
573,Port Hawkesbury,CA,45.6169,-61.3485,70.03,65,1,5.01,clear sky
574,Caxito,AO,-8.5785,13.6643,77.65,32,0,7.67,clear sky
575,Santa Cruz,BO,-17.8,-63.1667,60.85,31,75,17.27,broken clouds
576,Nurota,UZ,40.5614,65.6886,91.49,21,5,19.28,clear sky
577,Alibag,IN,18.6411,72.8792,84.27,85,100,18.43,overcast clouds
578,Linares,CL,-35.85,-71.6,50.54,51,0,1.45,clear sky
579,Bom Jesus,BR,-9.0744,-44.3586,97.59,22,0,2.3,clear sky
580,Niort,FR,46.3333,-0.3333,78.3,51,53,1.01,broken clouds
581,Mtwara,TZ,-10.2667,40.1833,80.01,54,13,18.54,few clouds
582,Marzuq,YE,14.4,46.4667,84.56,52,68,12.03,broken clouds
583,Midrand,ZA,-25.9636,28.1378,68.02,22,0,11.5,clear sky
584,Mouila,GA,-1.8685,11.0559,96.01,32,29,0.54,scattered clouds
585,Henderson,US,36.0397,-114.9819,92.64,36,1,0.0,clear sky
586,Gasa,PS,31.5,34.4667,89.91,53,0,13.0,clear sky
587,Walvis Bay,NA,-22.9575,14.5053,77.95,25,0,10.36,clear sky
588,Qarqin,AF,37.4185,66.0436,103.8,10,19,24.27,few clouds
589,Cassilandia,BR,-19.1133,-51.7342,58.59,23,5,8.14,clear sky
590,Jvari,GE,42.7169,42.052,77.25,87,40,4.12,light rain
591,Chelbasskaya,RU,45.9792,39.3719,92.35,20,0,5.79,clear sky
592,Bocanda,CI,7.0626,-4.4995,85.75,52,100,3.2,overcast clouds
593,George Town,MY,5.4112,100.3354,84.13,81,20,1.01,few clouds
594,Chulumani,BO,-16.4096,-67.5263,53.49,97,100,2.75,overcast clouds
595,Saint Stephen,GB,50.3333,-4.9,62.74,77,40,5.75,light rain
596,New Lenox,US,41.512,-87.9656,83.91,76,1,5.99,clear sky
597,Mahon,ES,39.8885,4.2658,86.56,45,0,6.91,clear sky
598,Najran,SA,17.4924,44.1277,102.85,11,73,17.49,broken clouds
599,Kaniama,CD,-7.5667,24.1833,90.55,20,0,2.91,clear sky
600,Troitsko-Pechorsk,RU,62.7084,56.1964,57.72,50,94,1.92,overcast clouds
601,Nankana Sahib,PK,31.4475,73.6972,86.25,60,98,5.7,overcast clouds
602,Nizhnevartovsk,RU,60.9344,76.5531,57.22,67,20,6.71,few clouds
603,Birjand,IR,32.8663,59.2211,86.47,10,0,23.02,clear sky
604,Andros Town,BS,24.7,-77.7667,87.76,60,37,11.61,scattered clouds
605,Lerwick,GB,60.1545,-1.1494,59.0,90,98,8.5,overcast clouds
606,Bambui,BR,-20.0064,-45.9769,64.92,17,1,4.68,clear sky
607,Verkhniy Baskunchak,RU,48.2256,46.7217,92.98,18,70,10.96,broken clouds
608,Oksbol,DK,55.6268,8.2876,66.81,84,100,25.3,overcast clouds
609,Tucuman,AR,-26.8241,-65.2226,48.2,53,0,4.61,smoke
610,Kango,GA,0.1943,10.0951,93.02,38,65,4.63,broken clouds
611,Tucuma,BR,-0.1833,-50.05,79.9,83,81,0.67,broken clouds
612,Blagoyevo,RU,63.3667,47.9167,64.09,53,73,2.28,broken clouds
613,Aqtobe,KZ,50.2797,57.2072,78.89,27,0,11.18,clear sky
614,Honningsvag,NO,70.9821,25.9704,46.15,81,75,10.36,broken clouds
615,Moroni,KM,-11.7022,43.2551,75.96,68,6,16.51,clear sky
616,Concarneau,FR,47.875,-3.9225,70.05,60,22,12.1,few clouds
617,Novy Bydzov,CZ,50.2415,15.4908,80.17,41,15,16.17,few clouds
618,Kostino,RU,58.9097,53.2691,65.77,68,98,4.18,overcast clouds
619,Odweyne,SO,9.4092,45.064,79.48,43,99,24.81,overcast clouds
620,Angoche,MZ,-16.2325,39.9086,73.76,59,8,10.0,clear sky
621,Edinburgh,GB,55.9521,-3.1965,71.06,59,75,8.99,broken clouds
622,Riviere-Au-Renard,CA,48.9957,-64.3971,68.29,56,36,11.65,scattered clouds
623,Channel-Port Aux Basques,CA,47.5702,-59.1367,60.93,77,1,16.82,clear sky
624,Banikoara,BJ,11.2985,2.4386,82.17,71,67,6.31,moderate rain
625,Ayagoz,KZ,47.9714,80.4392,65.08,33,80,14.99,broken clouds
626,Ust-Tsilma,RU,65.441,52.1498,52.57,76,100,2.77,overcast clouds
627,Vaxjo,SE,56.8777,14.8091,64.45,72,75,12.66,broken clouds
628,Kathmandu,NP,27.7167,85.3167,75.42,83,75,6.91,moderate rain
629,Liverpool,GB,53.4106,-2.9779,67.08,73,90,8.01,overcast clouds
630,Talara,PE,-4.5772,-81.2719,68.76,83,90,12.66,overcast clouds
631,Midland,US,31.9974,-102.0779,78.06,75,1,5.75,clear sky
632,Adrar,MR,20.5022,-10.0711,102.85,18,97,13.69,overcast clouds
633,Lixourion,GR,38.2019,20.4314,103.86,25,0,13.8,clear sky
634,Ostersund,SE,63.1792,14.6357,70.25,64,75,9.22,light rain
635,Sarh,TD,9.1429,18.3923,85.91,66,40,6.91,scattered clouds
636,Rocha,UY,-34.4833,-54.3333,49.03,60,16,13.29,few clouds
637,Markapur,IN,15.7333,79.2833,86.25,51,100,13.56,overcast clouds
638,San Pedro,PH,14.35,121.0167,83.16,89,75,6.91,broken clouds
639,Gavle,SE,60.6745,17.1417,70.95,80,41,5.64,scattered clouds
640,Krasnogorskiy,RU,54.6025,61.231,65.89,49,13,5.79,few clouds
641,Morant Bay,JM,17.8815,-76.4093,85.62,73,88,11.61,overcast clouds
642,Willowmore,ZA,-33.2926,23.4895,53.56,55,47,9.75,scattered clouds
643,Aleksandro-Nevskiy,RU,53.4751,40.2095,78.03,55,100,6.38,overcast clouds
644,Pasni,PK,25.2631,63.471,82.09,83,100,12.46,overcast clouds
645,Pitimbu,BR,-7.4706,-34.8086,84.79,66,54,10.25,broken clouds
646,Marck,FR,50.949,1.9433,70.97,69,63,22.39,broken clouds
647,Libreville,GA,0.3925,9.4537,80.62,74,20,6.91,few clouds
648,Minab,IR,27.1467,57.0801,99.9,26,94,5.75,overcast clouds
649,Cornwall,CA,45.0181,-74.7281,66.16,77,90,0.0,overcast clouds
650,Novobirilyussy,RU,56.9514,90.6661,59.92,62,94,1.79,overcast clouds
651,Camapua,BR,-19.5314,-54.0439,61.11,20,5,8.72,clear sky
652,Saint-Paul,RE,-21.0096,55.2707,71.71,76,99,1.1,overcast clouds
653,Ouesso,CG,1.6136,16.0517,87.73,45,90,2.62,overcast clouds
654,Matara,LK,5.9485,80.5353,79.34,88,96,11.74,overcast clouds
655,Antofagasta,CL,-23.65,-70.4,63.21,62,17,7.4,few clouds
656,Sakakah,SA,29.9697,40.2064,101.77,10,0,15.08,clear sky
657,Kachiry,KZ,53.0675,76.1036,62.1,47,69,8.55,broken clouds
658,Pallasovka,RU,50.05,46.8833,85.37,31,100,2.66,overcast clouds
659,Poddorye,RU,57.4695,31.1156,75.83,64,33,9.28,scattered clouds
660,Kyrylivka,UA,46.3759,35.3675,81.45,61,5,15.66,clear sky
661,Jutai,BR,-5.1833,-68.9,80.64,45,57,6.67,broken clouds
662,Loukhi,RU,66.0764,33.0381,57.45,63,95,9.82,overcast clouds
663,Kiruna,SE,67.8557,20.2251,56.32,67,90,8.05,overcast clouds
664,Kampene,CD,-3.6,26.6667,90.43,28,21,1.68,few clouds
665,Edd,ER,13.9297,41.6925,92.77,58,25,10.85,scattered clouds
666,Padang,ID,-0.9492,100.3543,75.25,84,94,2.08,overcast clouds
667,Sapouy,BF,11.5544,-1.7736,85.48,55,87,8.57,overcast clouds
668,Erkner,DE,52.4167,13.75,79.99,40,0,18.41,clear sky
669,Lokosovo,RU,61.1333,74.8167,52.88,68,80,4.43,broken clouds
670,Povenets,RU,62.8487,34.8262,61.54,97,100,4.56,light rain
671,Nioro,GM,13.35,-15.75,86.97,58,97,4.09,overcast clouds
672,Wana,PK,32.2989,69.5725,81.64,65,1,6.93,clear sky
673,Krasnogvardeyskiy,RU,57.3793,62.3195,54.88,93,96,3.0,light rain
674,Piacabucu,BR,-10.4056,-36.4344,81.45,64,3,6.42,clear sky
675,De Aar,ZA,-30.6497,24.0123,61.3,19,0,6.11,clear sky
676,Kusa,RU,55.3383,59.4406,62.71,60,21,5.14,few clouds
677,Sembabule,UG,-0.0772,31.4567,79.74,39,96,11.52,overcast clouds
678,Sosua,DO,19.7667,-70.5167,85.51,74,20,11.5,few clouds
679,Chabahar,IR,25.2919,60.643,86.38,80,92,10.92,overcast clouds
680,Linhares,BR,-19.3911,-40.0722,70.84,66,100,14.05,overcast clouds
681,Colares,PT,38.7992,-9.4469,82.08,57,20,14.97,few clouds
682,Carnarvon,AU,-24.8667,113.6333,64.47,72,75,8.05,broken clouds
683,Sao Gabriel,BR,-30.3364,-54.32,46.71,59,2,8.46,clear sky
684,Nueva Gorgona,PA,8.55,-79.8667,86.29,64,96,4.79,overcast clouds
685,Totness,SR,5.8833,-56.3167,83.43,68,2,5.99,clear sky
686,Bonthe,SL,7.5264,-12.505,81.88,63,96,9.53,overcast clouds
687,Tocopilla,CL,-22.092,-70.1979,68.27,58,15,7.36,few clouds
688,Duki,PK,30.1541,68.5728,93.87,34,71,9.62,broken clouds
689,Borsodnadasd,HU,48.1167,20.25,85.57,29,0,9.84,clear sky
690,Vryburg,ZA,-26.9566,24.7284,69.78,15,0,6.93,clear sky
691,Nakasongola,UG,1.3089,32.4564,75.52,57,96,1.77,overcast clouds
692,Matoury,GF,4.8483,-52.3317,87.76,66,20,8.05,light rain
693,Winsum,NL,53.33,6.5208,70.21,56,32,22.91,scattered clouds
694,Camacha,PT,33.0833,-16.3333,74.16,60,40,14.97,scattered clouds
695,Desna,UA,50.9273,30.7605,90.81,49,23,7.96,few clouds
